timestamp,open,high,low,close,volume,trades
2026-02-16 00:47:00,68803.69,68847.68,68803.68,68825.77,3.8016,2358
2026-02-16 00:48:00,68825.76,68858.09,68823.01,68837.0,3.48012,1685
2026-02-16 00:49:00,68837.01,68856.17,68822.78,68854.45,1.1431,1116
2026-02-16 00:50:00,68854.45,68874.0,68844.0,68852.66,8.09508,2291
2026-02-16 00:51:00,68852.66,68932.49,68852.66,68911.73,8.6144,3181
2026-02-16 00:52:00,68911.72,68940.2,68904.32,68940.2,3.48935,3172
2026-02-16 00:53:00,68940.19,68940.2,68911.89,68935.65,6.44988,2366
2026-02-16 00:54:00,68935.66,68950.0,68895.13,68911.7,4.92894,2318
2026-02-16 00:55:00,68911.7,68918.1,68895.13,68904.57,2.05642,1079
2026-02-16 00:56:00,68904.57,68904.57,68873.1,68873.11,5.51496,1862
2026-02-16 00:57:00,68873.11,68898.55,68873.11,68892.0,8.93954,1576
2026-02-16 00:58:00,68892.0,68895.34,68868.89,68868.89,6.56943,1287
2026-02-16 00:59:00,68868.89,68868.89,68838.0,68845.81,5.67649,1573
2026-02-16 01:00:00,68845.81,68855.28,68787.08,68809.09,5.8346,3666
2026-02-16 01:01:00,68809.09,68846.69,68809.08,68816.0,2.99413,1358
2026-02-16 01:02:00,68816.0,68860.0,68816.0,68860.0,1.27812,974
2026-02-16 01:03:00,68860.31,68934.0,68860.31,68933.99,6.82409,1922
2026-02-16 01:04:00,68934.0,68956.6,68930.0,68930.13,7.77644,2758
2026-02-16 01:05:00,68930.13,68956.6,68930.12,68956.59,3.16191,1766
2026-02-16 01:06:00,68956.6,68956.6,68940.09,68945.6,1.95903,2076
2026-02-16 01:07:00,68945.6,68969.7,68926.34,68942.0,2.83039,2865
2026-02-16 01:08:00,68942.0,68969.7,68934.89,68964.01,3.01853,2374
2026-02-16 01:09:00,68964.0,68984.83,68951.77,68982.95,4.64668,1926
2026-02-16 01:10:00,68982.94,69036.0,68943.49,69036.0,9.29831,3084
2026-02-16 01:11:00,69035.99,69041.97,68974.06,68974.06,7.02123,2846
2026-02-16 01:12:00,68974.06,68974.06,68884.0,68892.71,6.21175,5872
2026-02-16 01:13:00,68892.72,68908.47,68841.12,68857.42,11.66309,2950
2026-02-16 01:14:00,68857.43,68881.03,68857.42,68865.2,1.65149,991
2026-02-16 01:15:00,68865.2,68916.0,68861.89,68907.12,2.13456,2129
2026-02-16 01:16:00,68907.13,68907.13,68892.4,68903.67,2.54968,1647
2026-02-16 01:17:00,68903.67,68923.33,68896.92,68901.75,1.35414,1769
2026-02-16 01:18:00,68901.76,68919.05,68899.93,68899.94,3.49496,1141
2026-02-16 01:19:00,68899.93,68908.46,68850.0,68850.0,4.28384,2846
2026-02-16 01:20:00,68849.99,68857.9,68820.0,68837.0,7.11032,3094
2026-02-16 01:21:00,68837.0,68844.25,68829.78,68837.0,1.55099,1320
2026-02-16 01:22:00,68837.0,68854.28,68837.0,68837.01,0.75066,990
2026-02-16 01:23:00,68837.01,68837.01,68733.9,68736.7,9.08456,4926
2026-02-16 01:24:00,68736.7,68736.7,68686.53,68710.54,6.6757,2710
2026-02-16 01:25:00,68710.55,68751.97,68710.55,68733.9,5.11905,1484
2026-02-16 01:26:00,68733.9,68749.11,68712.45,68714.83,3.30738,1442
2026-02-16 01:27:00,68714.84,68714.84,68663.45,68688.97,3.94535,2263
2026-02-16 01:28:00,68688.98,68704.75,68684.73,68692.19,1.38069,1152
2026-02-16 01:29:00,68692.18,68722.9,68674.44,68722.9,3.62105,2381
2026-02-16 01:30:00,68722.89,68757.45,68722.89,68750.1,2.65565,2457
2026-02-16 01:31:00,68750.09,68773.8,68733.9,68736.95,3.31007,3285
2026-02-16 01:32:00,68736.94,68736.94,68705.29,68705.3,2.02175,2105
2026-02-16 01:33:00,68705.3,68705.3,68644.27,68644.28,6.44947,3565
2026-02-16 01:34:00,68644.28,68652.0,68599.0,68605.07,8.70437,3671
2026-02-16 01:35:00,68605.07,68605.07,68551.33,68562.16,5.88784,2862
2026-02-16 01:36:00,68562.15,68625.18,68550.0,68611.23,4.97827,2067
2026-02-16 01:37:00,68611.23,68646.17,68608.0,68626.13,4.50834,3053
2026-02-16 01:38:00,68626.13,68631.12,68589.46,68589.47,2.26333,1853
2026-02-16 01:39:00,68589.46,68589.46,68470.96,68489.39,18.02286,5637
2026-02-16 01:40:00,68489.38,68525.25,68454.54,68511.17,5.90811,3446
2026-02-16 01:41:00,68511.18,68559.5,68511.18,68559.5,6.2611,2085
2026-02-16 01:42:00,68559.49,68586.7,68538.23,68556.01,11.94531,2737
2026-02-16 01:43:00,68556.01,68590.29,68556.0,68585.01,2.86407,1920
2026-02-16 01:44:00,68585.0,68590.13,68561.94,68590.12,1.96106,1609
2026-02-16 01:45:00,68590.13,68606.25,68572.97,68587.56,9.52079,2019
2026-02-16 01:46:00,68587.57,68630.9,68587.56,68630.89,5.97858,1334
2026-02-16 01:47:00,68630.89,68639.49,68623.92,68639.49,1.30626,739
2026-02-16 01:48:00,68639.48,68663.43,68630.81,68639.29,5.82419,2174
2026-02-16 01:49:00,68639.29,68670.95,68639.29,68653.37,5.82269,1921
2026-02-16 01:50:00,68653.37,68653.38,68625.44,68630.81,2.70413,2156
2026-02-16 01:51:00,68630.8,68652.2,68630.8,68650.53,2.26008,1642
2026-02-16 01:52:00,68650.53,68658.0,68631.44,68657.99,2.87356,1450
2026-02-16 01:53:00,68657.99,68657.99,68630.8,68630.81,2.22932,1271
2026-02-16 01:54:00,68630.81,68646.0,68615.22,68634.53,1.64132,1956
2026-02-16 01:55:00,68634.53,68655.98,68632.34,68632.34,1.86366,1745
2026-02-16 01:56:00,68632.34,68649.66,68605.82,68618.62,2.63184,2075
2026-02-16 01:57:00,68618.63,68656.63,68618.63,68656.63,1.06015,1423
2026-02-16 01:58:00,68656.62,68656.63,68630.81,68633.21,1.80296,1028
2026-02-16 01:59:00,68633.21,68644.51,68630.8,68630.81,2.28888,931
2026-02-16 02:00:00,68630.81,68638.82,68611.32,68611.53,5.59933,1386
2026-02-16 02:01:00,68611.52,68611.53,68579.07,68603.91,2.31824,1848
2026-02-16 02:02:00,68603.92,68677.51,68603.91,68669.69,9.01724,2980
2026-02-16 02:03:00,68669.69,68692.98,68663.6,68690.99,4.15756,1760
2026-02-16 02:04:00,68691.0,68730.59,68682.4,68716.6,4.47285,2549
2026-02-16 02:05:00,68716.59,68729.97,68709.57,68729.96,3.0148,1435
2026-02-16 02:06:00,68729.96,68734.0,68713.11,68734.0,3.99177,1121
2026-02-16 02:07:00,68734.0,68734.0,68687.45,68692.31,9.03468,3317
2026-02-16 02:08:00,68692.3,68697.98,68671.23,68676.14,9.93055,2480
2026-02-16 02:09:00,68676.14,68676.14,68588.44,68588.44,18.72628,3869
2026-02-16 02:10:00,68588.45,68588.45,68472.06,68497.49,20.7108,5474
2026-02-16 02:11:00,68497.48,68550.45,68492.67,68550.45,15.84287,3684
2026-02-16 02:12:00,68550.45,68586.7,68550.44,68572.08,17.34871,3047
2026-02-16 02:13:00,68572.07,68598.0,68568.79,68572.19,17.20312,2729
2026-02-16 02:14:00,68572.18,68577.18,68550.36,68566.13,17.21183,3050
2026-02-16 02:15:00,68566.12,68574.94,68525.15,68544.9,19.97543,4537
2026-02-16 02:16:00,68544.91,68544.91,68506.47,68528.92,16.58515,3140
2026-02-16 02:17:00,68528.92,68555.82,68527.7,68545.53,15.30235,2618
2026-02-16 02:18:00,68545.54,68552.98,68454.54,68454.54,10.97692,4179
2026-02-16 02:19:00,68454.55,68479.5,68451.71,68462.4,15.01973,3467
2026-02-16 02:20:00,68462.4,68462.41,68412.37,68451.44,13.14887,4452
2026-02-16 02:21:00,68451.45,68457.99,68400.0,68441.64,15.98305,4222
2026-02-16 02:22:00,68441.64,68441.64,68384.43,68421.03,23.96342,4809
2026-02-16 02:23:00,68421.04,68428.38,68394.43,68413.36,20.69701,4336
2026-02-16 02:24:00,68413.36,68430.97,68392.41,68430.0,24.57098,3876
2026-02-16 02:25:00,68430.0,68456.74,68385.55,68390.03,23.86079,4240
2026-02-16 02:26:00,68390.04,68434.98,68376.24,68403.84,26.29302,5997
2026-02-16 02:27:00,68403.85,68423.86,68398.68,68423.86,16.56065,2818
2026-02-16 02:28:00,68423.86,68423.86,68368.0,68368.0,11.71087,3032
2026-02-16 02:29:00,68368.01,68390.08,68325.05,68350.51,24.10832,5097
2026-02-16 02:30:00,68350.51,68431.53,68350.51,68362.83,14.9061,6059
2026-02-16 02:31:00,68362.83,68377.29,68333.9,68348.01,12.74559,3493
2026-02-16 02:32:00,68348.02,68405.13,68348.02,68364.43,12.99667,3513
2026-02-16 02:33:00,68364.43,68380.61,68333.97,68371.9,18.33559,5252
2026-02-16 02:34:00,68371.91,68445.27,68371.91,68440.45,18.05549,3769
2026-02-16 02:35:00,68440.46,68469.29,68440.38,68441.71,18.44289,3906
2026-02-16 02:36:00,68441.71,68499.6,68438.53,68479.1,9.32882,2756
2026-02-16 02:37:00,68479.11,68506.05,68454.34,68493.77,10.0175,2521
2026-02-16 02:38:00,68493.78,68526.03,68475.68,68475.69,8.75368,2575
2026-02-16 02:39:00,68475.68,68483.41,68463.7,68477.96,7.60282,1954
2026-02-16 02:40:00,68477.97,68477.97,68461.3,68464.73,2.47353,1252
2026-02-16 02:41:00,68464.74,68474.0,68450.44,68472.0,6.31726,1856
2026-02-16 02:42:00,68472.0,68474.0,68454.96,68469.83,5.1566,1144
2026-02-16 02:43:00,68469.84,68500.79,68469.83,68499.41,2.57062,1040
2026-02-16 02:44:00,68499.4,68501.77,68458.17,68458.17,5.2589,2076
2026-02-16 02:45:00,68458.16,68519.4,68458.16,68519.4,3.82968,1323
2026-02-16 02:46:00,68519.39,68519.4,68488.33,68488.33,2.13966,1404
2026-02-16 02:47:00,68488.33,68488.34,68422.21,68422.22,7.15506,4079
2026-02-16 02:48:00,68422.22,68422.22,68364.45,68373.99,3.9122,3415
2026-02-16 02:49:00,68374.0,68374.0,68346.01,68352.24,9.54961,1698
2026-02-16 02:50:00,68352.23,68407.7,68352.23,68390.21,5.44147,3683
2026-02-16 02:51:00,68390.22,68402.77,68371.75,68398.05,11.01042,2010
2026-02-16 02:52:00,68398.06,68399.25,68372.82,68386.01,1.70604,1320
2026-02-16 02:53:00,68386.01,68386.01,68355.31,68356.61,2.41262,2123
2026-02-16 02:54:00,68356.62,68356.62,68283.36,68303.68,13.16329,5675
2026-02-16 02:55:00,68303.68,68316.74,68260.07,68277.14,9.78592,3901
2026-02-16 02:56:00,68277.15,68277.15,68243.68,68272.68,6.28747,3311
2026-02-16 02:57:00,68272.67,68307.22,68272.67,68299.78,5.5799,2344
2026-02-16 02:58:00,68299.78,68321.42,68299.78,68321.4,4.4431,884
2026-02-16 02:59:00,68321.41,68336.51,68307.85,68320.48,7.01831,1755
2026-02-16 03:00:00,68320.49,68387.46,68320.49,68376.51,14.90247,2034
2026-02-16 03:01:00,68376.5,68376.51,68356.38,68362.0,4.42955,1573
2026-02-16 03:02:00,68361.99,68380.24,68336.55,68336.55,11.56615,2590
2026-02-16 03:03:00,68336.54,68339.26,68316.91,68318.48,5.74176,1985
2026-02-16 03:04:00,68318.48,68339.92,68311.62,68311.62,3.16426,2051
2026-02-16 03:05:00,68311.63,68357.45,68311.63,68357.45,3.02581,1860
2026-02-16 03:06:00,68357.45,68377.92,68357.44,68360.9,2.32068,1492
2026-02-16 03:07:00,68360.89,68386.89,68360.65,68386.89,2.14613,829
2026-02-16 03:08:00,68386.89,68408.2,68382.0,68408.2,4.66688,1678
2026-02-16 03:09:00,68408.19,68424.7,68374.02,68374.03,5.14667,3099
2026-02-16 03:10:00,68374.03,68400.0,68374.03,68400.0,1.53331,1756
2026-02-16 03:11:00,68400.0,68448.6,68400.0,68441.89,8.19675,2971
2026-02-16 03:12:00,68441.88,68450.82,68431.37,68444.29,4.77857,1549
2026-02-16 03:13:00,68444.3,68444.3,68398.25,68401.12,8.3244,2625
2026-02-16 03:14:00,68401.12,68404.07,68382.11,68382.12,5.13555,1497
2026-02-16 03:15:00,68382.12,68416.0,68382.12,68415.09,3.8623,819
2026-02-16 03:16:00,68415.09,68415.1,68358.46,68371.71,9.92089,3320
2026-02-16 03:17:00,68371.72,68384.0,68363.62,68363.68,3.71608,1639
2026-02-16 03:18:00,68363.69,68414.94,68363.69,68404.43,4.73132,2131
2026-02-16 03:19:00,68404.44,68412.06,68352.12,68352.12,6.70519,1645
2026-02-16 03:20:00,68352.13,68385.7,68352.13,68354.66,8.60479,1925
2026-02-16 03:21:00,68354.66,68354.66,68309.03,68309.04,9.81033,3162
2026-02-16 03:22:00,68309.04,68326.0,68295.99,68295.99,7.92731,2328
2026-02-16 03:23:00,68295.99,68308.73,68274.44,68304.59,8.01367,1856
2026-02-16 03:24:00,68304.58,68304.58,68291.05,68294.62,9.90311,1937
2026-02-16 03:25:00,68294.62,68309.49,68272.46,68272.47,16.60823,2518
2026-02-16 03:26:00,68272.47,68272.47,68171.92,68182.76,29.168,6535
2026-02-16 03:27:00,68182.76,68226.85,68172.04,68177.41,14.28535,3794
2026-02-16 03:28:00,68177.41,68228.0,68177.41,68212.26,13.30229,2823
2026-02-16 03:29:00,68212.25,68212.25,68182.58,68182.59,13.22669,1801
2026-02-16 03:30:00,68182.58,68225.51,68182.44,68190.77,14.40733,4272
2026-02-16 03:31:00,68190.77,68190.77,68153.0,68153.01,14.89416,2818
2026-02-16 03:32:00,68153.0,68203.13,68143.22,68198.42,24.26762,4583
2026-02-16 03:33:00,68198.43,68237.62,68167.38,68188.68,14.44952,4564
2026-02-16 03:34:00,68188.67,68227.52,68170.0,68196.8,11.30506,3471
2026-02-16 03:35:00,68196.8,68235.34,68196.79,68235.34,12.68105,3463
2026-02-16 03:36:00,68235.34,68235.34,68210.45,68232.24,9.81636,2191
2026-02-16 03:37:00,68232.24,68261.49,68224.27,68224.27,5.86309,2295
2026-02-16 03:38:00,68224.28,68225.75,68214.16,68225.74,3.49664,976
2026-02-16 03:39:00,68225.75,68259.73,68225.74,68259.72,3.52881,1316
2026-02-16 03:40:00,68259.72,68282.0,68240.0,68281.99,8.07677,2169
2026-02-16 03:41:00,68281.99,68282.0,68273.46,68273.47,1.4561,653
2026-02-16 03:42:00,68273.47,68273.47,68261.75,68273.46,5.58017,1172
2026-02-16 03:43:00,68273.47,68316.8,68273.46,68316.79,5.042,910
2026-02-16 03:44:00,68316.8,68355.27,68316.7,68353.87,6.74893,1371
2026-02-16 03:45:00,68353.86,68363.7,68326.02,68326.02,7.44289,2519
2026-02-16 03:46:00,68326.02,68340.01,68324.66,68332.0,3.64781,1416
2026-02-16 03:47:00,68332.01,68366.5,68332.01,68365.59,3.38158,1096
2026-02-16 03:48:00,68365.59,68386.43,68364.0,68386.43,1.90093,770
2026-02-16 03:49:00,68386.43,68395.2,68363.73,68395.2,9.22725,1728
2026-02-16 03:50:00,68395.2,68414.66,68385.37,68395.46,2.67776,1814
2026-02-16 03:51:00,68395.47,68422.42,68395.46,68421.0,3.34227,930
2026-02-16 03:52:00,68421.0,68421.0,68414.74,68419.53,1.86528,576
2026-02-16 03:53:00,68419.53,68463.96,68419.53,68424.61,8.4212,2644
2026-02-16 03:54:00,68424.61,68432.0,68408.43,68408.43,3.89067,1687
2026-02-16 03:55:00,68408.44,68438.7,68408.43,68415.64,4.90891,1968
2026-02-16 03:56:00,68415.64,68415.65,68399.98,68399.99,2.70673,972
2026-02-16 03:57:00,68399.99,68408.83,68395.62,68395.62,4.28769,1273
2026-02-16 03:58:00,68395.62,68416.95,68395.61,68416.95,5.817,1085
2026-02-16 03:59:00,68416.94,68424.82,68414.24,68424.82,3.4156,600
2026-02-16 04:00:00,68424.82,68447.32,68417.17,68436.84,3.65342,1892
2026-02-16 04:01:00,68436.83,68490.9,68436.83,68486.54,4.65465,1974
2026-02-16 04:02:00,68486.55,68530.66,68484.54,68487.99,16.64759,2742
2026-02-16 04:03:00,68487.98,68534.0,68486.27,68525.41,8.71736,2014
2026-02-16 04:04:00,68525.4,68525.41,68500.44,68516.72,5.74758,1593
2026-02-16 04:05:00,68516.72,68567.56,68490.81,68560.94,9.30832,3642
2026-02-16 04:06:00,68560.94,68587.82,68560.94,68587.82,9.04292,1849
2026-02-16 04:07:00,68587.82,68610.0,68578.3,68578.31,7.63438,2352
2026-02-16 04:08:00,68578.3,68597.27,68562.79,68597.26,4.10665,1462
2026-02-16 04:09:00,68597.27,68650.41,68590.01,68630.8,17.68231,3439
2026-02-16 04:10:00,68630.81,68630.81,68608.65,68628.58,5.89645,1657
2026-02-16 04:11:00,68628.58,68640.03,68628.57,68640.03,3.10542,620
2026-02-16 04:12:00,68640.04,68665.57,68640.0,68643.35,6.88223,2499
2026-02-16 04:13:00,68643.34,68651.59,68643.34,68643.72,3.1932,634
2026-02-16 04:14:00,68643.72,68643.72,68640.0,68640.0,2.87035,324
2026-02-16 04:15:00,68640.0,68664.0,68640.0,68664.0,3.61245,1517
2026-02-16 04:16:00,68664.0,68664.65,68648.41,68648.76,6.70324,934
2026-02-16 04:17:00,68648.76,68692.5,68625.7,68692.49,26.67724,2408
2026-02-16 04:18:00,68692.5,68745.76,68690.77,68738.17,23.68983,2618
2026-02-16 04:19:00,68738.17,68757.16,68729.75,68743.59,8.84217,2338
2026-02-16 04:20:00,68743.59,68754.46,68733.9,68751.21,3.83124,1189
2026-02-16 04:21:00,68751.21,68789.48,68751.21,68757.99,9.17397,2764
2026-02-16 04:22:00,68757.99,68770.01,68744.0,68748.03,6.39059,1753
2026-02-16 04:23:00,68748.02,68786.3,68748.02,68778.46,6.11342,1579
2026-02-16 04:24:00,68778.46,68778.46,68778.45,68778.46,2.00334,205
2026-02-16 04:25:00,68778.45,68778.45,68749.84,68768.0,6.68871,1764
2026-02-16 04:26:00,68767.99,68797.61,68767.99,68797.61,6.81286,1208
2026-02-16 04:27:00,68797.6,68797.61,68783.81,68790.61,5.22762,841
2026-02-16 04:28:00,68790.61,68790.61,68778.26,68783.06,3.02858,923
2026-02-16 04:29:00,68783.05,68788.0,68783.05,68783.05,2.47865,582
2026-02-16 04:30:00,68783.05,68817.45,68783.05,68786.32,6.70323,2167
2026-02-16 04:31:00,68786.33,68789.95,68767.21,68778.38,7.73866,1774
2026-02-16 04:32:00,68778.37,68790.29,68778.37,68783.06,4.6835,534
2026-02-16 04:33:00,68783.05,68783.06,68725.95,68740.57,12.772,2601
2026-02-16 04:34:00,68740.57,68740.57,68709.62,68717.06,5.94689,1298
2026-02-16 04:35:00,68717.06,68727.73,68709.01,68717.05,8.96707,1462
2026-02-16 04:36:00,68717.05,68726.75,68696.28,68697.81,7.23058,1502
2026-02-16 04:37:00,68697.82,68726.56,68692.14,68716.96,14.35837,2908
2026-02-16 04:38:00,68716.96,68720.46,68708.02,68710.83,3.8556,986
2026-02-16 04:39:00,68710.84,68739.77,68710.83,68739.77,2.55575,681
2026-02-16 04:40:00,68739.76,68739.77,68718.47,68724.97,5.83275,1395
2026-02-16 04:41:00,68724.97,68724.97,68721.39,68722.23,5.85896,800
2026-02-16 04:42:00,68722.24,68722.24,68694.83,68716.76,13.09296,1659
2026-02-16 04:43:00,68716.76,68716.77,68696.79,68706.32,5.57096,889
2026-02-16 04:44:00,68706.33,68707.62,68694.83,68694.83,4.028,1030
2026-02-16 04:45:00,68694.84,68722.65,68694.83,68722.65,4.22505,1105
2026-02-16 04:46:00,68722.65,68729.41,68697.27,68729.41,5.32551,2000
2026-02-16 04:47:00,68729.42,68735.66,68727.0,68727.0,4.04007,721
2026-02-16 04:48:00,68727.01,68740.75,68727.0,68728.81,8.16754,1194
2026-02-16 04:49:00,68728.8,68748.4,68725.19,68748.39,3.56434,1034
2026-02-16 04:50:00,68748.39,68755.77,68742.52,68755.76,4.3114,1074
2026-02-16 04:51:00,68755.77,68862.52,68755.77,68862.51,17.28994,3915
2026-02-16 04:52:00,68862.51,68863.48,68837.0,68862.73,8.0401,1886
2026-02-16 04:53:00,68862.74,68863.42,68845.28,68845.29,3.21795,1322
2026-02-16 04:54:00,68845.28,68862.71,68845.28,68850.0,3.3698,1011
2026-02-16 04:55:00,68850.0,68894.52,68850.0,68873.9,14.52817,2220
2026-02-16 04:56:00,68873.9,68879.52,68862.23,68867.87,4.52014,1367
2026-02-16 04:57:00,68867.88,68867.88,68850.0,68860.08,4.89261,1072
2026-02-16 04:58:00,68860.09,68879.51,68856.46,68873.85,35.3369,2021
2026-02-16 04:59:00,68873.86,68873.86,68856.11,68870.07,4.76587,1185
2026-02-16 05:00:00,68870.07,68900.0,68845.28,68845.28,18.26117,4151
2026-02-16 05:01:00,68845.28,68845.29,68773.8,68778.08,4.85751,3180
2026-02-16 05:02:00,68778.08,68778.09,68732.11,68732.11,8.84338,2441
2026-02-16 05:03:00,68732.11,68732.11,68700.88,68711.4,10.77477,2140
2026-02-16 05:04:00,68711.39,68711.4,68652.0,68666.16,7.92765,3120
2026-02-16 05:05:00,68666.16,68676.49,68647.61,68676.49,2.7592,1267
2026-02-16 05:06:00,68676.48,68676.49,68633.96,68638.0,6.64667,1705
2026-02-16 05:07:00,68638.01,68647.53,68638.0,68647.52,4.0543,724
2026-02-16 05:08:00,68647.52,68671.0,68645.8,68660.72,5.90686,1433
2026-02-16 05:09:00,68660.72,68680.37,68660.71,68680.37,3.57304,849
2026-02-16 05:10:00,68680.37,68688.84,68672.94,68672.95,5.32537,1714
2026-02-16 05:11:00,68672.95,68672.95,68601.0,68601.01,6.69058,3144
2026-02-16 05:12:00,68601.0,68610.96,68537.27,68558.91,19.46978,4417
2026-02-16 05:13:00,68558.9,68561.1,68555.42,68555.43,6.96388,863
2026-02-16 05:14:00,68555.43,68555.44,68463.96,68473.16,16.76251,4851
2026-02-16 05:15:00,68473.17,68515.42,68473.17,68495.18,6.24316,3989
2026-02-16 05:16:00,68495.18,68506.29,68473.2,68506.29,7.33989,2308
2026-02-16 05:17:00,68506.29,68511.02,68501.71,68501.71,2.15278,730
2026-02-16 05:18:00,68501.71,68501.72,68484.13,68501.72,4.74005,1878
2026-02-16 05:19:00,68501.71,68524.8,68501.71,68524.8,2.37088,838
2026-02-16 05:20:00,68524.8,68524.8,68504.47,68521.54,2.88184,1287
2026-02-16 05:21:00,68521.55,68523.29,68501.71,68501.71,4.84448,1439
2026-02-16 05:22:00,68501.72,68501.72,68477.99,68489.11,2.35952,1314
2026-02-16 05:23:00,68489.1,68495.12,68463.47,68463.48,1.84525,1697
2026-02-16 05:24:00,68463.48,68463.48,68385.71,68399.29,10.54042,4684
2026-02-16 05:25:00,68399.29,68431.31,68399.28,68416.4,4.96614,2237
2026-02-16 05:26:00,68416.39,68416.4,68386.78,68395.1,5.21951,2647
2026-02-16 05:27:00,68395.11,68420.92,68395.11,68415.78,7.03424,1510
2026-02-16 05:28:00,68415.79,68433.99,68415.78,68425.62,5.5277,1534
2026-02-16 05:29:00,68425.62,68457.99,68425.61,68457.98,3.25902,1457
2026-02-16 05:30:00,68457.99,68487.95,68457.98,68467.98,3.08203,2388
2026-02-16 05:31:00,68467.99,68490.9,68462.63,68462.64,4.85306,2472
2026-02-16 05:32:00,68462.64,68462.64,68437.35,68437.36,1.50819,1181
2026-02-16 05:33:00,68437.36,68493.43,68437.36,68466.97,18.0288,2991
2026-02-16 05:34:00,68466.97,68466.97,68437.35,68437.35,6.68571,2594
2026-02-16 05:35:00,68437.35,68447.49,68437.35,68447.4,1.85718,640
2026-02-16 05:36:00,68447.4,68447.41,68385.7,68389.15,7.92869,2638
2026-02-16 05:37:00,68389.14,68389.14,68340.3,68344.21,6.81189,3252
2026-02-16 05:38:00,68344.21,68344.22,68328.0,68332.76,5.56571,2289
2026-02-16 05:39:00,68332.76,68334.01,68293.28,68305.95,13.49607,5149
2026-02-16 05:40:00,68305.95,68352.52,68301.16,68330.5,9.73162,3428
2026-02-16 05:41:00,68330.51,68348.24,68330.5,68332.31,5.93356,2320
2026-02-16 05:42:00,68332.3,68332.31,68316.8,68316.8,2.59671,1199
2026-02-16 05:43:00,68316.8,68316.8,68298.8,68298.81,8.77859,1511
2026-02-16 05:44:00,68298.8,68340.84,68298.8,68340.84,3.13723,1789
2026-02-16 05:45:00,68340.83,68363.61,68340.83,68358.62,2.39267,1450
2026-02-16 05:46:00,68358.63,68373.77,68333.45,68333.46,3.06196,2096
2026-02-16 05:47:00,68333.46,68362.3,68333.45,68362.29,2.69131,1266
2026-02-16 05:48:00,68362.3,68387.85,68360.8,68380.0,4.32806,2019
2026-02-16 05:49:00,68380.0,68380.01,68361.49,68379.28,14.35534,1995
2026-02-16 05:50:00,68379.27,68395.2,68379.27,68395.2,1.38808,856
2026-02-16 05:51:00,68395.2,68395.2,68388.98,68388.98,1.75728,634
2026-02-16 05:52:00,68388.99,68388.99,68376.76,68383.36,2.58922,854
2026-02-16 05:53:00,68383.35,68401.35,68383.35,68401.35,3.39918,837
2026-02-16 05:54:00,68401.35,68408.2,68401.34,68408.2,1.28929,523
2026-02-16 05:55:00,68408.19,68434.29,68408.19,68426.99,4.18271,1856
2026-02-16 05:56:00,68426.99,68431.31,68420.17,68420.18,1.33758,900
2026-02-16 05:57:00,68420.17,68420.18,68408.2,68408.2,2.11756,675
2026-02-16 05:58:00,68408.21,68419.77,68404.0,68404.0,5.49265,1228
2026-02-16 05:59:00,68404.0,68407.84,68385.29,68385.29,3.3648,1202
2026-02-16 06:00:00,68385.29,68385.29,68352.34,68376.3,4.98222,3065
2026-02-16 06:01:00,68376.31,68398.97,68376.3,68398.97,2.08393,1671
2026-02-16 06:02:00,68398.97,68415.82,68398.1,68415.81,3.26962,1800
2026-02-16 06:03:00,68415.81,68431.43,68409.8,68409.84,4.77955,1626
2026-02-16 06:04:00,68409.84,68441.73,68409.83,68437.31,5.8096,2136
2026-02-16 06:05:00,68437.31,68437.31,68428.14,68428.15,1.2041,632
2026-02-16 06:06:00,68428.15,68428.15,68401.74,68401.74,10.16997,1557
2026-02-16 06:07:00,68401.74,68420.42,68392.91,68392.91,4.44641,1657
2026-02-16 06:08:00,68392.91,68396.58,68384.66,68396.58,2.45038,959
2026-02-16 06:09:00,68396.57,68396.58,68396.57,68396.58,2.24996,299
2026-02-16 06:10:00,68396.58,68396.58,68396.57,68396.57,1.37498,351
2026-02-16 06:11:00,68396.57,68403.5,68386.82,68386.82,2.54634,1264
2026-02-16 06:12:00,68386.83,68388.15,68368.28,68388.15,5.46847,1279
2026-02-16 06:13:00,68388.14,68401.55,68367.06,68367.06,3.33767,1707
2026-02-16 06:14:00,68367.07,68367.07,68360.38,68360.38,1.42263,510
2026-02-16 06:15:00,68360.38,68394.57,68360.38,68364.66,7.85088,2935
2026-02-16 06:16:00,68364.66,68386.01,68355.61,68386.0,2.75445,1780
2026-02-16 06:17:00,68386.01,68386.01,68356.64,68356.64,1.71809,1427
2026-02-16 06:18:00,68356.65,68356.65,68346.15,68353.46,2.15097,1067
2026-02-16 06:19:00,68353.47,68353.47,68321.0,68321.01,2.5524,1260
2026-02-16 06:20:00,68321.01,68321.01,68270.58,68289.02,14.65387,3668
2026-02-16 06:21:00,68289.03,68289.03,68250.3,68256.95,5.96516,2617
2026-02-16 06:22:00,68256.95,68323.8,68228.76,68301.31,14.31872,6059
2026-02-16 06:23:00,68301.31,68319.56,68292.99,68319.55,8.86042,2278
2026-02-16 06:24:00,68319.56,68319.56,68313.13,68313.13,2.06072,736
2026-02-16 06:25:00,68313.14,68313.14,68269.45,68274.02,3.64224,1861
2026-02-16 06:26:00,68274.01,68309.8,68274.01,68300.64,6.25569,1960
2026-02-16 06:27:00,68300.64,68300.65,68291.17,68298.23,2.07107,907
2026-02-16 06:28:00,68298.22,68334.47,68298.22,68334.46,2.64881,1563
2026-02-16 06:29:00,68334.46,68348.37,68334.46,68348.37,2.24625,623
2026-02-16 06:30:00,68348.36,68464.84,68336.22,68464.84,6.93086,5231
2026-02-16 06:31:00,68464.84,68509.55,68464.83,68509.54,20.49435,4360
2026-02-16 06:32:00,68509.55,68527.8,68500.8,68503.02,6.17046,2395
2026-02-16 06:33:00,68503.01,68523.07,68480.82,68480.83,5.78112,3330
2026-02-16 06:34:00,68480.83,68496.22,68475.87,68475.87,2.70832,1699
2026-02-16 06:35:00,68475.88,68489.4,68462.11,68487.04,4.53451,2061
2026-02-16 06:36:00,68486.55,68495.19,68486.54,68493.88,0.9773,532
2026-02-16 06:37:00,68493.88,68493.88,68483.72,68490.89,1.87182,732
2026-02-16 06:38:00,68490.89,68490.9,68470.07,68470.08,1.09822,923
2026-02-16 06:39:00,68470.08,68481.75,68470.07,68475.89,3.28995,814
2026-02-16 06:40:00,68475.89,68479.13,68457.51,68479.13,4.46093,1982
2026-02-16 06:41:00,68479.13,68479.13,68458.74,68458.75,1.84399,682
2026-02-16 06:42:00,68458.75,68474.58,68458.74,68469.88,1.98104,1115
2026-02-16 06:43:00,68469.88,68469.88,68469.87,68469.87,0.56905,170
2026-02-16 06:44:00,68469.87,68481.64,68469.87,68474.59,2.03175,801
2026-02-16 06:45:00,68474.58,68474.59,68459.26,68460.9,1.92455,671
2026-02-16 06:46:00,68460.9,68476.57,68460.9,68476.57,1.92896,870
2026-02-16 06:47:00,68476.57,68476.57,68424.6,68427.65,3.75188,1524
2026-02-16 06:48:00,68427.65,68427.65,68400.87,68400.87,3.42142,1061
2026-02-16 06:49:00,68400.87,68400.88,68400.87,68400.87,0.81752,214
2026-02-16 06:50:00,68400.88,68402.92,68400.87,68402.92,3.70007,382
2026-02-16 06:51:00,68402.91,68411.64,68400.0,68411.64,2.57887,1057
2026-02-16 06:52:00,68411.63,68449.12,68404.82,68449.11,2.08106,2098
2026-02-16 06:53:00,68449.11,68449.12,68424.6,68424.6,2.31964,832
2026-02-16 06:54:00,68424.6,68429.3,68424.6,68429.3,0.94343,418
2026-02-16 06:55:00,68429.29,68451.34,68429.29,68449.05,1.61158,1130
2026-02-16 06:56:00,68449.05,68449.05,68449.04,68449.04,0.51553,177
2026-02-16 06:57:00,68449.04,68475.3,68449.04,68454.01,7.78529,1597
2026-02-16 06:58:00,68454.01,68467.77,68454.0,68457.22,3.99466,963
2026-02-16 06:59:00,68457.23,68464.49,68450.79,68450.8,3.10245,718
2026-02-16 07:00:00,68450.8,68450.8,68435.5,68435.51,2.51717,881
2026-02-16 07:01:00,68435.5,68444.62,68435.5,68439.31,2.55882,736
2026-02-16 07:02:00,68439.31,68441.1,68380.6,68385.82,9.56593,2185
2026-02-16 07:03:00,68385.81,68407.75,68385.81,68403.25,6.97109,1954
2026-02-16 07:04:00,68403.25,68443.68,68380.0,68442.24,16.47875,3230
2026-02-16 07:05:00,68442.23,68529.59,68442.23,68522.71,16.63843,5953
2026-02-16 07:06:00,68522.71,68522.72,68480.0,68486.46,2.52876,1686
2026-02-16 07:07:00,68486.45,68529.0,68486.45,68522.04,4.64416,2453
2026-02-16 07:08:00,68522.05,68555.43,68510.14,68550.18,9.64822,2440
2026-02-16 07:09:00,68550.19,68553.52,68528.45,68540.44,4.17355,1287
2026-02-16 07:10:00,68540.43,68540.43,68491.17,68491.17,2.40741,981
2026-02-16 07:11:00,68491.18,68510.11,68486.45,68510.11,2.68382,1499
2026-02-16 07:12:00,68510.1,68545.99,68485.85,68545.98,11.35598,3070
2026-02-16 07:13:00,68545.98,68620.69,68545.98,68620.68,13.5313,4146
2026-02-16 07:14:00,68620.69,68630.89,68600.0,68611.54,7.13547,1187
2026-02-16 07:15:00,68611.53,68611.54,68582.17,68582.17,7.71449,1313
2026-02-16 07:16:00,68582.18,68606.21,68582.17,68606.21,7.57107,1967
2026-02-16 07:17:00,68606.2,68620.22,68603.26,68607.99,3.861,1877
2026-02-16 07:18:00,68608.0,68611.32,68579.38,68599.25,10.36563,2131
2026-02-16 07:19:00,68599.25,68600.48,68581.07,68581.07,3.57588,1170
2026-02-16 07:20:00,68581.08,68595.72,68547.79,68547.79,3.74252,1361
2026-02-16 07:21:00,68547.8,68557.13,68539.71,68548.34,3.62924,983
2026-02-16 07:22:00,68548.34,68557.44,68544.6,68554.16,3.41037,1005
2026-02-16 07:23:00,68554.16,68574.67,68554.16,68571.39,5.87989,848
2026-02-16 07:24:00,68571.4,68609.01,68571.39,68600.4,6.05346,1873
2026-02-16 07:25:00,68600.4,68672.59,68600.4,68672.58,7.04285,2841
2026-02-16 07:26:00,68672.59,68672.59,68651.23,68651.23,2.84396,832
2026-02-16 07:27:00,68651.23,68651.23,68626.25,68626.25,1.15094,603
2026-02-16 07:28:00,68626.25,68626.26,68616.0,68616.0,0.72647,415
2026-02-16 07:29:00,68616.0,68616.01,68570.02,68575.14,4.46758,1352
2026-02-16 07:30:00,68575.14,68575.14,68517.12,68517.12,7.53062,3369
2026-02-16 07:31:00,68517.13,68550.9,68517.12,68542.49,4.08135,1878
2026-02-16 07:32:00,68542.5,68587.58,68541.44,68582.53,5.14938,2299
2026-02-16 07:33:00,68582.54,68602.0,68580.21,68591.74,3.73001,1857
2026-02-16 07:34:00,68591.75,68601.0,68584.83,68595.32,11.07307,2908
2026-02-16 07:35:00,68595.32,68636.7,68586.91,68636.69,7.18355,2934
2026-02-16 07:36:00,68636.7,68646.0,68636.69,68645.99,2.72225,1042
2026-02-16 07:37:00,68646.0,68646.0,68630.9,68630.9,3.1343,961
2026-02-16 07:38:00,68630.91,68639.87,68630.9,68636.22,3.2532,852
2026-02-16 07:39:00,68636.23,68636.23,68490.0,68490.01,11.3942,4275
2026-02-16 07:40:00,68490.01,68502.01,68446.0,68472.49,8.67647,3300
2026-02-16 07:41:00,68472.49,68472.49,68440.79,68458.78,5.75729,3247
2026-02-16 07:42:00,68458.79,68464.0,68458.78,68463.99,3.04652,630
2026-02-16 07:43:00,68464.0,68497.96,68463.99,68493.95,7.10946,1836
2026-02-16 07:44:00,68493.95,68499.12,68493.15,68499.12,4.30035,950
2026-02-16 07:45:00,68499.12,68532.25,68499.11,68532.01,7.6667,1870
2026-02-16 07:46:00,68532.01,68546.0,68518.89,68518.89,10.7938,1461
2026-02-16 07:47:00,68518.9,68543.72,68518.78,68543.71,8.49734,1260
2026-02-16 07:48:00,68543.71,68544.72,68527.54,68544.71,6.11812,1082
2026-02-16 07:49:00,68544.71,68591.93,68544.71,68581.62,9.05489,1512
2026-02-16 07:50:00,68581.62,68590.13,68553.88,68553.89,3.12559,1199
2026-02-16 07:51:00,68553.89,68601.23,68553.88,68593.78,5.2537,1536
2026-02-16 07:52:00,68593.78,68611.22,68590.48,68596.12,6.08867,1386
2026-02-16 07:53:00,68596.13,68596.13,68553.48,68553.48,5.70242,1704
2026-02-16 07:54:00,68553.49,68560.6,68549.19,68558.8,2.07302,684
2026-02-16 07:55:00,68558.81,68558.81,68540.32,68554.3,4.27465,1542
2026-02-16 07:56:00,68554.31,68560.6,68541.08,68545.89,11.74157,1526
2026-02-16 07:57:00,68545.89,68552.54,68542.57,68552.54,3.16973,698
2026-02-16 07:58:00,68552.54,68583.28,68552.53,68583.27,2.78642,1046
2026-02-16 07:59:00,68583.28,68589.11,68583.27,68587.9,2.84021,562
2026-02-16 08:00:00,68587.89,68600.0,68583.27,68583.28,7.68955,1266
2026-02-16 08:01:00,68583.28,68621.01,68583.27,68606.07,3.12712,1339
2026-02-16 08:02:00,68606.06,68609.1,68587.8,68609.09,3.7401,1166
2026-02-16 08:03:00,68609.09,68630.9,68579.55,68630.9,7.04557,1631
2026-02-16 08:04:00,68630.89,68637.13,68622.32,68631.97,2.02177,746
2026-02-16 08:05:00,68631.97,68669.77,68631.96,68647.86,10.51316,2228
2026-02-16 08:06:00,68647.87,68662.96,68637.43,68662.96,1.8632,998
2026-02-16 08:07:00,68662.96,68663.36,68648.53,68648.53,3.68304,743
2026-02-16 08:08:00,68648.53,68648.54,68630.8,68630.81,2.73261,690
2026-02-16 08:09:00,68630.81,68650.0,68630.8,68639.47,4.81429,973
2026-02-16 08:10:00,68639.47,68646.65,68639.46,68646.64,2.04517,613
2026-02-16 08:11:00,68646.65,68646.65,68600.87,68621.49,5.70197,2308
2026-02-16 08:12:00,68621.49,68621.49,68591.0,68596.22,3.17851,1535
2026-02-16 08:13:00,68596.23,68596.23,68558.0,68558.0,2.09116,657
2026-02-16 08:14:00,68558.01,68569.51,68548.19,68549.91,3.12937,973
2026-02-16 08:15:00,68549.9,68569.04,68542.63,68569.03,2.60517,1011
2026-02-16 08:16:00,68569.03,68589.85,68569.03,68589.84,1.63623,784
2026-02-16 08:17:00,68589.85,68600.83,68586.93,68586.94,4.97403,703
2026-02-16 08:18:00,68586.94,68638.92,68586.94,68638.92,6.9077,1766
2026-02-16 08:19:00,68638.92,68667.49,68638.91,68667.48,3.2252,753
2026-02-16 08:20:00,68667.49,68691.29,68667.48,68691.29,17.13468,947
2026-02-16 08:21:00,68691.29,68734.0,68691.28,68730.62,7.74142,2178
2026-02-16 08:22:00,68730.61,68730.61,68698.96,68711.65,6.64086,1466
2026-02-16 08:23:00,68711.65,68719.04,68704.01,68714.01,6.94884,1204
2026-02-16 08:24:00,68714.01,68723.34,68714.0,68723.33,2.60335,515
2026-02-16 08:25:00,68723.33,68741.0,68708.49,68740.14,7.11133,1395
2026-02-16 08:26:00,68740.13,68746.76,68725.93,68743.71,6.29579,1002
2026-02-16 08:27:00,68743.71,68743.71,68733.9,68739.83,4.61253,933
2026-02-16 08:28:00,68739.82,68739.83,68733.65,68733.65,2.31486,452
2026-02-16 08:29:00,68733.66,68738.58,68716.46,68735.38,4.05907,949
2026-02-16 08:30:00,68735.38,68750.0,68714.63,68750.0,5.92631,1282
2026-02-16 08:31:00,68750.0,68750.0,68691.47,68691.47,3.14302,2142
2026-02-16 08:32:00,68691.47,68718.95,68683.78,68683.79,3.99234,1627
2026-02-16 08:33:00,68683.79,68701.0,68663.45,68700.99,4.76038,1418
2026-02-16 08:34:00,68701.0,68730.63,68686.45,68730.62,3.69774,1160
2026-02-16 08:35:00,68730.62,68730.62,68633.89,68647.62,10.76316,2069
2026-02-16 08:36:00,68647.63,68676.63,68647.63,68675.69,1.97759,1026
2026-02-16 08:37:00,68675.7,68718.88,68675.69,68718.88,3.46634,1524
2026-02-16 08:38:00,68718.87,68760.0,68718.87,68757.33,7.80208,1417
2026-02-16 08:39:00,68757.33,68757.34,68734.47,68736.03,6.52029,1461
2026-02-16 08:40:00,68736.02,68744.6,68725.97,68736.29,2.60323,1002
2026-02-16 08:41:00,68736.3,68753.1,68710.51,68733.9,5.18411,1964
2026-02-16 08:42:00,68733.91,68748.0,68719.47,68719.48,5.32627,1156
2026-02-16 08:43:00,68719.47,68741.25,68719.47,68741.24,2.0005,818
2026-02-16 08:44:00,68741.25,68770.0,68741.24,68766.18,2.74366,1042
2026-02-16 08:45:00,68766.18,68770.0,68755.16,68769.99,1.81328,632
2026-02-16 08:46:00,68770.0,68777.09,68726.92,68742.25,9.3974,1803
2026-02-16 08:47:00,68742.25,68756.7,68742.24,68756.69,3.23185,645
2026-02-16 08:48:00,68756.7,68763.63,68741.41,68763.63,6.07022,1175
2026-02-16 08:49:00,68763.62,68763.63,68733.63,68733.91,8.67976,1814
2026-02-16 08:50:00,68733.9,68733.9,68683.26,68683.27,3.77222,1411
2026-02-16 08:51:00,68683.27,68706.72,68681.49,68706.71,2.48882,789
2026-02-16 08:52:00,68706.72,68743.49,68706.72,68743.48,3.82369,1277
2026-02-16 08:53:00,68743.49,68749.38,68727.2,68727.2,2.22271,800
2026-02-16 08:54:00,68727.21,68753.61,68727.2,68751.59,2.57072,925
2026-02-16 08:55:00,68751.59,68798.7,68751.58,68775.24,16.56877,2003
2026-02-16 08:56:00,68775.24,68778.53,68756.74,68760.75,3.21173,1173
2026-02-16 08:57:00,68760.75,68760.76,68742.65,68745.99,6.11342,928
2026-02-16 08:58:00,68746.0,68788.43,68745.99,68771.15,11.53549,3195
2026-02-16 08:59:00,68771.15,68771.15,68762.85,68762.85,2.2242,457
2026-02-16 09:00:00,68762.86,68777.9,68748.02,68767.2,8.14894,1920
2026-02-16 09:01:00,68767.19,68767.2,68753.83,68763.82,4.43117,938
2026-02-16 09:02:00,68763.82,68870.0,68763.81,68855.3,14.06631,4893
2026-02-16 09:03:00,68855.29,68870.0,68843.51,68845.53,7.91788,2661
2026-02-16 09:04:00,68845.52,68959.97,68845.52,68957.04,16.76988,4166
2026-02-16 09:05:00,68957.03,68957.63,68914.55,68916.47,7.60133,5635
2026-02-16 09:06:00,68916.48,68930.64,68914.9,68926.01,4.82267,1761
2026-02-16 09:07:00,68926.01,68950.91,68817.53,68830.76,13.86438,5906
2026-02-16 09:08:00,68830.76,68874.0,68812.29,68873.03,24.17543,4395
2026-02-16 09:09:00,68873.02,68873.03,68857.98,68859.03,4.4884,1320
2026-02-16 09:10:00,68859.02,68873.03,68859.02,68862.81,4.84232,1900
2026-02-16 09:11:00,68862.81,68865.62,68841.02,68841.03,2.42727,1444
2026-02-16 09:12:00,68841.03,68903.4,68841.03,68886.17,8.37918,1932
2026-02-16 09:13:00,68886.16,68888.09,68867.26,68880.15,4.29609,1047
2026-02-16 09:14:00,68880.15,68887.05,68879.82,68886.01,4.30127,809
2026-02-16 09:15:00,68886.01,68904.14,68865.68,68866.02,3.78372,1861
2026-02-16 09:16:00,68866.03,68866.03,68837.0,68856.76,5.79999,1775
2026-02-16 09:17:00,68856.76,68863.6,68847.18,68847.19,3.50395,1235
2026-02-16 09:18:00,68847.18,68847.19,68810.0,68810.0,9.07156,1888
2026-02-16 09:19:00,68810.0,68819.4,68803.35,68819.4,2.48315,475
2026-02-16 09:20:00,68819.39,68840.68,68819.39,68829.05,6.75926,1511
2026-02-16 09:21:00,68829.05,68848.45,68829.05,68833.01,1.97414,874
2026-02-16 09:22:00,68833.02,68838.12,68831.45,68837.05,3.90097,882
2026-02-16 09:23:00,68837.06,68858.29,68832.32,68832.33,1.94007,1090
2026-02-16 09:24:00,68832.32,68846.31,68832.32,68839.34,1.36378,633
2026-02-16 09:25:00,68839.34,68940.2,68839.34,68940.19,3.73223,2234
2026-02-16 09:26:00,68940.19,68940.2,68905.99,68916.12,4.35553,2335
2026-02-16 09:27:00,68916.12,68921.55,68906.99,68921.55,4.6796,1271
2026-02-16 09:28:00,68921.55,68937.85,68921.54,68934.49,4.54453,1275
2026-02-16 09:29:00,68934.5,68974.35,68916.79,68964.62,7.8123,3466
2026-02-16 09:30:00,68964.62,68964.62,68889.24,68915.75,11.43892,5310
2026-02-16 09:31:00,68915.75,68915.75,68876.27,68890.1,8.47427,2159
2026-02-16 09:32:00,68890.11,68924.0,68890.11,68923.99,2.85374,3168
2026-02-16 09:33:00,68923.99,68946.0,68915.85,68929.28,15.51115,2141
2026-02-16 09:34:00,68929.28,68999.99,68929.27,68974.83,10.53307,4675
2026-02-16 09:35:00,68974.84,69003.98,68974.83,68994.51,6.43736,3086
2026-02-16 09:36:00,68994.51,69023.62,68980.0,69022.24,8.13387,3531
2026-02-16 09:37:00,69022.25,69022.25,68998.68,69001.78,33.82508,2786
2026-02-16 09:38:00,69001.78,69022.39,69001.78,69022.38,4.51555,1202
2026-02-16 09:39:00,69022.38,69056.9,69022.38,69054.0,10.09134,1588
2026-02-16 09:40:00,69054.0,69060.77,69036.59,69036.59,9.62152,1357
2026-02-16 09:41:00,69036.6,69053.0,69016.63,69016.64,11.31457,1393
2026-02-16 09:42:00,69016.64,69016.64,69005.98,69007.31,4.70969,781
2026-02-16 09:43:00,69007.31,69019.05,69001.79,69005.07,11.20609,2077
2026-02-16 09:44:00,69005.06,69029.55,69005.06,69029.54,7.86763,1316
2026-02-16 09:45:00,69029.54,69029.54,68989.74,68999.52,8.94858,1955
2026-02-16 09:46:00,68999.51,69041.76,68999.51,69032.87,8.4186,2510
2026-02-16 09:47:00,69032.86,69032.86,68941.47,68945.47,11.80385,3008
2026-02-16 09:48:00,68945.47,68961.86,68945.46,68958.69,4.91714,863
2026-02-16 09:49:00,68958.68,68990.71,68958.68,68975.71,4.32848,1366
2026-02-16 09:50:00,68975.72,69000.0,68975.72,68995.19,3.15614,766
2026-02-16 09:51:00,68995.2,69022.63,68995.18,69022.62,4.14181,777
2026-02-16 09:52:00,69022.63,69046.03,69021.04,69021.69,7.76933,1350
2026-02-16 09:53:00,69021.69,69021.69,68987.85,68996.42,6.70458,916
2026-02-16 09:54:00,68996.43,69005.85,68989.46,68998.0,5.01017,1051
2026-02-16 09:55:00,68998.01,68998.01,68995.77,68995.78,1.43729,287
2026-02-16 09:56:00,68995.78,69029.01,68995.77,69007.24,10.12167,1391
2026-02-16 09:57:00,69007.24,69007.24,68979.37,68979.37,2.70383,758
2026-02-16 09:58:00,68979.38,68997.41,68979.37,68997.41,15.76109,770
2026-02-16 09:59:00,68997.4,68997.4,68992.71,68992.71,5.0911,473
2026-02-16 10:00:00,68992.7,68992.71,68931.63,68963.98,8.1889,2524
2026-02-16 10:01:00,68963.97,68963.98,68940.09,68940.09,9.39612,1099
2026-02-16 10:02:00,68940.1,68940.1,68919.69,68928.3,6.61818,1188
2026-02-16 10:03:00,68928.3,68948.04,68919.69,68924.35,15.04642,1397
2026-02-16 10:04:00,68924.35,68924.36,68919.69,68919.94,2.51332,417
2026-02-16 10:05:00,68919.94,68924.36,68919.69,68924.36,2.30233,606
2026-02-16 10:06:00,68924.36,68924.36,68890.1,68905.62,17.18485,1652
2026-02-16 10:07:00,68905.61,68914.58,68885.44,68885.44,5.47028,1005
2026-02-16 10:08:00,68885.45,68914.58,68885.45,68914.57,3.70049,947
2026-02-16 10:09:00,68914.58,68960.78,68914.57,68960.77,10.07169,1252
2026-02-16 10:10:00,68960.78,68960.78,68945.55,68945.56,2.6772,1140
2026-02-16 10:11:00,68945.56,68963.87,68940.1,68947.74,5.47,1793
2026-02-16 10:12:00,68947.74,68947.75,68930.31,68930.32,4.35544,1004
2026-02-16 10:13:00,68930.31,68938.0,68923.15,68938.0,3.26656,917
2026-02-16 10:14:00,68937.99,68945.95,68937.99,68945.91,1.67293,510
2026-02-16 10:15:00,68945.92,68945.92,68920.93,68920.94,2.83063,976
2026-02-16 10:16:00,68920.93,68943.82,68920.93,68943.81,2.63414,1244
2026-02-16 10:17:00,68943.81,68943.82,68928.0,68938.01,3.28151,1691
2026-02-16 10:18:00,68938.0,68938.01,68894.1,68894.11,8.6271,1660
2026-02-16 10:19:00,68894.1,68912.0,68890.0,68907.43,7.26326,1390
2026-02-16 10:20:00,68907.43,68931.12,68907.42,68931.12,4.33809,1281
2026-02-16 10:21:00,68931.12,68931.12,68841.5,68841.5,7.85238,4436
2026-02-16 10:22:00,68841.5,68841.5,68757.98,68773.44,20.53864,6060
2026-02-16 10:23:00,68773.43,68791.12,68757.99,68766.51,27.0202,3151
2026-02-16 10:24:00,68766.5,68786.2,68766.5,68778.1,2.29155,1375
2026-02-16 10:25:00,68778.1,68778.11,68778.1,68778.11,1.2713,210
2026-02-16 10:26:00,68778.1,68778.11,68690.85,68720.22,14.02445,5728
2026-02-16 10:27:00,68720.22,68755.05,68706.82,68749.16,6.01606,2438
2026-02-16 10:28:00,68749.15,68773.8,68744.08,68773.8,5.13273,1561
2026-02-16 10:29:00,68773.79,68797.4,68762.5,68797.39,5.75938,2126
2026-02-16 10:30:00,68797.39,68823.61,68785.44,68823.6,6.35526,3103
2026-02-16 10:31:00,68823.6,68851.73,68801.42,68818.16,6.18485,3552
2026-02-16 10:32:00,68818.16,68824.52,68773.81,68808.5,17.66645,3348
2026-02-16 10:33:00,68808.49,68844.69,68808.49,68837.01,2.66662,1716
2026-02-16 10:34:00,68837.01,68887.83,68837.01,68887.83,6.09976,3372
2026-02-16 10:35:00,68887.82,68887.83,68870.0,68874.2,2.34316,1426
2026-02-16 10:36:00,68874.2,68889.45,68874.19,68889.45,4.65043,1345
2026-02-16 10:37:00,68889.44,68933.59,68883.31,68933.58,3.35767,2743
2026-02-16 10:38:00,68933.58,68933.58,68909.14,68909.15,3.83761,1811
2026-02-16 10:39:00,68909.14,68909.15,68799.89,68799.89,4.43395,2999
2026-02-16 10:40:00,68799.89,68799.89,68747.0,68747.05,9.38986,3673
2026-02-16 10:41:00,68747.05,68766.01,68747.05,68762.86,2.99599,1020
2026-02-16 10:42:00,68762.86,68776.74,68762.86,68768.85,2.18216,1518
2026-02-16 10:43:00,68769.99,68793.89,68769.99,68793.89,1.99352,985
2026-02-16 10:44:00,68793.89,68793.89,68785.31,68785.32,0.86923,644
2026-02-16 10:45:00,68785.32,68811.92,68779.4,68793.18,9.33393,3062
2026-02-16 10:46:00,68793.19,68793.19,68765.47,68780.53,2.49791,1711
2026-02-16 10:47:00,68780.52,68804.0,68778.1,68803.99,1.50634,2160
2026-02-16 10:48:00,68803.99,68829.25,68798.67,68820.6,3.10972,1704
2026-02-16 10:49:00,68820.59,68834.0,68819.31,68819.31,2.89142,1520
2026-02-16 10:50:00,68819.32,68837.31,68810.23,68837.31,4.99761,3042
2026-02-16 10:51:00,68837.31,68840.0,68821.65,68827.5,2.91072,1972
2026-02-16 10:52:00,68827.49,68831.99,68805.38,68830.5,3.74707,2000
2026-02-16 10:53:00,68830.5,68830.5,68814.21,68821.93,3.8693,1178
2026-02-16 10:54:00,68821.94,68821.94,68814.21,68814.22,0.99844,393
2026-02-16 10:55:00,68814.21,68823.99,68814.21,68814.21,3.85744,971
2026-02-16 10:56:00,68814.21,68823.65,68814.21,68814.21,1.95599,826
2026-02-16 10:57:00,68814.22,68814.22,68800.66,68804.01,20.89418,960
2026-02-16 10:58:00,68804.01,68812.22,68800.86,68812.22,2.60428,687
2026-02-16 10:59:00,68812.21,68812.22,68798.21,68798.22,1.66674,579
2026-02-16 11:00:00,68798.21,68798.22,68783.57,68788.0,6.0037,1369
2026-02-16 11:01:00,68788.01,68788.01,68775.26,68775.27,1.26231,760
2026-02-16 11:02:00,68775.26,68791.84,68758.72,68768.22,8.39456,2938
2026-02-16 11:03:00,68768.23,68796.0,68768.22,68796.0,3.65727,2037
2026-02-16 11:04:00,68796.0,68816.17,68791.17,68816.16,9.3834,1294
2026-02-16 11:05:00,68816.16,68848.49,68816.16,68845.9,8.15866,1861
2026-02-16 11:06:00,68845.9,68845.9,68823.4,68837.01,2.29426,1522
2026-02-16 11:07:00,68837.0,68846.77,68827.5,68846.77,2.06918,1278
2026-02-16 11:08:00,68846.77,68846.77,68781.34,68781.34,5.86166,2710
2026-02-16 11:09:00,68781.34,68781.34,68672.31,68697.98,13.00238,5607
2026-02-16 11:10:00,68697.99,68705.86,68538.62,68554.07,24.27093,11158
2026-02-16 11:11:00,68554.07,68554.07,68500.88,68519.26,14.9724,4946
2026-02-16 11:12:00,68519.27,68526.82,68470.0,68498.7,18.32685,5160
2026-02-16 11:13:00,68498.7,68553.32,68492.09,68535.12,18.0533,5142
2026-02-16 11:14:00,68535.12,68565.0,68497.69,68515.88,6.27059,3436
2026-02-16 11:15:00,68515.88,68543.39,68476.69,68521.2,17.27211,6857
2026-02-16 11:16:00,68521.19,68531.27,68506.69,68507.17,2.68659,1835
2026-02-16 11:17:00,68507.17,68537.49,68477.13,68537.48,4.72645,3569
2026-02-16 11:18:00,68537.49,68570.43,68534.38,68562.18,14.62031,1927
2026-02-16 11:19:00,68562.18,68607.36,68562.18,68597.7,4.93163,3115
2026-02-16 11:20:00,68597.7,68597.7,68559.49,68559.49,3.45226,1316
2026-02-16 11:21:00,68559.5,68562.66,68412.3,68423.32,16.95376,7349
2026-02-16 11:22:00,68423.31,68423.35,68338.9,68352.58,18.24464,8715
2026-02-16 11:23:00,68352.58,68435.95,68352.57,68423.8,8.53958,4460
2026-02-16 11:24:00,68423.8,68445.71,68397.44,68420.35,14.5373,3945
2026-02-16 11:25:00,68420.36,68471.47,68420.35,68459.23,6.82882,3070
2026-02-16 11:26:00,68459.23,68514.4,68459.22,68495.68,6.63275,3045
2026-02-16 11:27:00,68495.67,68656.67,68495.67,68656.67,20.04311,7442
2026-02-16 11:28:00,68656.67,68686.3,68632.03,68636.33,10.21186,4534
2026-02-16 11:29:00,68636.33,68678.99,68636.33,68666.03,5.19128,2712
2026-02-16 11:30:00,68666.04,68700.0,68643.49,68694.57,5.11429,3937
2026-02-16 11:31:00,68694.57,68717.53,68682.3,68710.5,5.457,2935
2026-02-16 11:32:00,68710.49,68710.5,68647.76,68659.92,5.89069,2497
2026-02-16 11:33:00,68659.93,68659.93,68643.04,68657.83,1.89484,1485
2026-02-16 11:34:00,68657.82,68688.0,68644.58,68688.0,6.87407,3470
2026-02-16 11:35:00,68687.99,68687.99,68648.85,68648.86,1.36118,911
2026-02-16 11:36:00,68648.85,68662.56,68629.08,68635.15,4.98683,1930
2026-02-16 11:37:00,68635.15,68648.23,68630.8,68648.22,2.72786,1157
2026-02-16 11:38:00,68648.22,68661.61,68644.24,68647.96,2.14308,1710
2026-02-16 11:39:00,68647.96,68647.96,68640.62,68640.62,2.44829,953
2026-02-16 11:40:00,68640.62,68640.62,68618.69,68618.69,2.21485,1463
2026-02-16 11:41:00,68618.69,68622.0,68589.25,68589.25,5.82561,1920
2026-02-16 11:42:00,68589.25,68589.26,68561.09,68561.09,3.1258,1595
2026-02-16 11:43:00,68561.1,68581.76,68561.09,68581.76,2.16235,1237
2026-02-16 11:44:00,68581.76,68592.15,68578.49,68585.81,3.96469,1535
2026-02-16 11:45:00,68585.81,68615.0,68585.81,68595.28,2.74044,1687
2026-02-16 11:46:00,68595.27,68631.73,68595.27,68631.73,4.87117,1582
2026-02-16 11:47:00,68631.72,68673.79,68631.72,68673.79,3.15421,1215
2026-02-16 11:48:00,68673.78,68682.4,68641.52,68641.52,8.39835,1919
2026-02-16 11:49:00,68641.52,68649.45,68621.75,68634.47,7.23953,2272
2026-02-16 11:50:00,68634.47,68652.99,68624.6,68652.99,7.67332,1806
2026-02-16 11:51:00,68652.99,68652.99,68635.73,68635.73,5.56289,935
2026-02-16 11:52:00,68635.73,68740.74,68635.73,68740.73,12.98114,3464
2026-02-16 11:53:00,68740.74,68760.64,68711.1,68749.23,10.50509,3552
2026-02-16 11:54:00,68749.24,68818.72,68739.66,68818.71,17.35408,6224
2026-02-16 11:55:00,68818.72,68918.22,68818.71,68894.86,26.06251,10098
2026-02-16 11:56:00,68894.87,68894.87,68830.42,68853.4,10.41816,4736
2026-02-16 11:57:00,68853.4,68869.14,68846.12,68864.43,10.59028,2458
2026-02-16 11:58:00,68864.43,68867.86,68845.89,68864.6,7.61802,2931
2026-02-16 11:59:00,68864.61,68864.61,68812.83,68812.83,7.29307,2656
2026-02-16 12:00:00,68812.84,68886.01,68812.84,68874.92,10.57637,4691
2026-02-16 12:01:00,68874.92,68874.93,68817.03,68828.44,9.37032,4025
2026-02-16 12:02:00,68828.44,68876.22,68816.48,68876.21,7.65381,4494
2026-02-16 12:03:00,68876.21,68903.95,68840.26,68893.36,10.29343,4217
2026-02-16 12:04:00,68893.36,68956.6,68887.79,68930.66,11.10182,5007
2026-02-16 12:05:00,68930.66,68932.66,68898.69,68902.0,10.91562,3053
2026-02-16 12:06:00,68902.0,68902.01,68866.93,68896.71,10.41584,3923
2026-02-16 12:07:00,68896.72,68909.77,68870.43,68909.76,8.70249,3101
2026-02-16 12:08:00,68909.77,68982.7,68909.77,68979.34,37.95581,5834
2026-02-16 12:09:00,68979.35,68983.99,68971.3,68971.3,15.34338,3039
2026-02-16 12:10:00,68971.31,68979.74,68951.78,68967.9,10.0701,3970
2026-02-16 12:11:00,68967.77,68967.77,68927.32,68941.79,7.11648,2530
2026-02-16 12:12:00,68941.8,68941.8,68921.19,68924.76,8.06353,2661
2026-02-16 12:13:00,68924.76,68924.76,68898.18,68900.0,5.97625,1341
2026-02-16 12:14:00,68900.01,68909.02,68892.69,68897.93,8.10998,2583
2026-02-16 12:15:00,68897.94,68928.11,68897.94,68900.76,10.36176,4768
2026-02-16 12:16:00,68900.76,68926.3,68894.12,68904.38,9.30426,3780
2026-02-16 12:17:00,68904.38,68904.38,68837.0,68856.48,18.52846,4147
2026-02-16 12:18:00,68856.47,68869.13,68812.08,68820.66,8.81244,5249
2026-02-16 12:19:00,68820.66,68840.78,68817.55,68825.77,8.96641,2803
2026-02-16 12:20:00,68825.78,68847.12,68822.86,68845.43,8.71251,3132
2026-02-16 12:21:00,68845.43,68848.78,68807.54,68820.01,14.25469,4338
2026-02-16 12:22:00,68820.01,68919.55,68820.0,68908.1,10.4515,5873
2026-02-16 12:23:00,68908.1,68908.1,68873.96,68873.96,10.04818,3851
2026-02-16 12:24:00,68873.96,68900.01,68873.96,68886.98,6.30811,2149
2026-02-16 12:25:00,68886.98,68964.0,68886.77,68963.38,7.51732,3970
2026-02-16 12:26:00,68963.39,69479.96,68963.38,69394.23,252.66119,33465
2026-02-16 12:27:00,69394.23,69500.0,69379.54,69471.32,56.65107,21092
2026-02-16 12:28:00,69471.32,69601.47,69426.58,69579.23,104.95716,19912
2026-02-16 12:29:00,69579.23,69619.23,69505.0,69505.01,70.67833,15903
2026-02-16 12:30:00,69505.01,69554.74,69344.82,69352.6,55.85846,16221
2026-02-16 12:31:00,69352.6,69404.32,69298.76,69369.69,39.76148,9728
2026-02-16 12:32:00,69369.7,69375.14,69342.0,69362.0,22.27341,6983
2026-02-16 12:33:00,69362.0,69390.0,69352.6,69352.6,8.75584,3573
2026-02-16 12:34:00,69352.61,69479.41,69343.64,69470.33,46.82919,7779
2026-02-16 12:35:00,69470.33,69475.21,69368.82,69381.11,27.96834,9893
2026-02-16 12:36:00,69381.12,69415.32,69339.92,69339.93,36.44309,7986
2026-02-16 12:37:00,69339.93,69405.42,69310.75,69389.12,28.46748,10387
2026-02-16 12:38:00,69389.11,69479.32,69363.61,69401.34,21.39745,8212
2026-02-16 12:39:00,69401.33,69552.0,69364.03,69531.31,28.80089,10015
2026-02-16 12:40:00,69531.31,69550.39,69405.53,69431.7,23.45618,10683
2026-02-16 12:41:00,69431.71,69438.92,69345.22,69358.8,26.26549,7879
2026-02-16 12:42:00,69358.8,69416.25,69336.0,69371.8,11.08731,6751
2026-02-16 12:43:00,69371.81,69429.51,69371.81,69412.08,19.18183,4794
2026-02-16 12:44:00,69412.09,69446.88,69387.1,69436.93,13.15484,5595
2026-02-16 12:45:00,69436.93,69472.61,69413.6,69437.66,16.70074,8728
2026-02-16 12:46:00,69437.66,69447.16,69388.14,69400.0,14.66545,5922
2026-02-16 12:47:00,69400.0,69419.72,69368.58,69418.16,14.06646,7376
2026-02-16 12:48:00,69418.16,69450.71,69389.46,69450.7,10.17053,5468
2026-02-16 12:49:00,69450.71,69584.04,69450.7,69537.54,37.59939,10555
2026-02-16 12:50:00,69537.53,69617.44,69504.0,69583.55,21.96673,13315
2026-02-16 12:51:00,69583.55,69804.17,69583.54,69759.14,129.97326,23099
2026-02-16 12:52:00,69759.15,69848.48,69701.24,69743.11,51.22695,16893
2026-02-16 12:53:00,69743.11,69807.75,69708.0,69735.61,32.23211,10693
2026-02-16 12:54:00,69735.61,69771.43,69687.8,69736.15,20.5949,10824
2026-02-16 12:55:00,69736.15,69754.12,69696.94,69747.99,19.30373,8185
2026-02-16 12:56:00,69747.99,69812.77,69735.59,69774.19,17.21044,8624
2026-02-16 12:57:00,69774.19,69817.61,69762.0,69817.61,12.99057,7248
2026-02-16 12:58:00,69817.6,69817.61,69735.61,69784.18,15.39588,7692
2026-02-16 12:59:00,69784.18,69784.18,69735.61,69763.24,8.60325,2922
2026-02-16 13:00:00,69763.24,69788.8,69671.17,69707.9,18.33325,6219
2026-02-16 13:01:00,69707.91,69929.59,69696.72,69863.34,53.59029,11344
2026-02-16 13:02:00,69863.35,70041.05,69849.19,70029.97,65.57432,18003
2026-02-16 13:03:00,70029.98,70126.67,69982.18,70030.05,42.72128,15743
2026-02-16 13:04:00,70030.06,70036.39,69870.6,69936.59,39.18846,10218
2026-02-16 13:05:00,69936.6,70015.8,69936.22,69998.92,21.01289,8447
2026-02-16 13:06:00,69998.93,70047.0,69986.08,70022.91,16.19187,6237
2026-02-16 13:07:00,70022.91,70050.0,69817.0,69818.15,26.44252,8603
2026-02-16 13:08:00,69818.15,69862.14,69760.94,69769.0,19.10608,8526
2026-02-16 13:09:00,69769.0,69774.23,69717.4,69739.44,10.03641,4732
2026-02-16 13:10:00,69739.45,69747.83,69643.7,69700.0,18.69606,9232
2026-02-16 13:11:00,69700.01,69723.01,69625.77,69632.34,12.29613,5469
2026-02-16 13:12:00,69632.35,69735.09,69632.35,69728.41,14.57409,6060
2026-02-16 13:13:00,69728.41,69728.41,69623.75,69632.92,12.56666,6065
2026-02-16 13:14:00,69632.92,69667.83,69632.91,69662.0,6.71525,3976
2026-02-16 13:15:00,69662.01,69673.88,69639.9,69670.09,11.61422,3574
2026-02-16 13:16:00,69670.09,69746.17,69670.09,69714.94,11.53641,6159
2026-02-16 13:17:00,69714.94,69754.97,69700.0,69737.46,8.69921,6052
2026-02-16 13:18:00,69737.46,69749.65,69719.61,69725.04,5.34041,2600
2026-02-16 13:19:00,69725.03,69725.04,69609.39,69609.4,16.42548,5701
2026-02-16 13:20:00,69609.4,69625.92,69404.45,69429.87,38.99899,15805
2026-02-16 13:21:00,69429.87,69467.12,69367.11,69381.7,17.35488,10744
2026-02-16 13:22:00,69381.7,69450.36,69317.03,69440.19,21.17411,12427
2026-02-16 13:23:00,69440.18,69443.4,69389.45,69408.61,14.5956,8344
2026-02-16 13:24:00,69408.6,69417.69,69270.55,69291.63,36.57562,10170
2026-02-16 13:25:00,69291.63,69291.63,69089.13,69094.73,63.27188,18882
2026-02-16 13:26:00,69094.73,69108.88,68920.62,68944.8,49.43555,21778
2026-02-16 13:27:00,68944.79,69007.46,68868.57,68934.45,29.57178,13652
2026-02-16 13:28:00,68934.44,68960.94,68520.07,68607.18,93.63886,24569
2026-02-16 13:29:00,68607.17,68808.94,68607.17,68611.0,120.06301,15767
2026-02-16 13:30:00,68611.01,68850.0,68573.66,68802.37,42.875,12960
2026-02-16 13:31:00,68802.37,68811.56,68687.42,68799.99,18.80943,15559
2026-02-16 13:32:00,68799.99,68899.28,68780.12,68795.11,24.7646,12118
2026-02-16 13:33:00,68795.11,68874.91,68784.65,68790.49,16.77263,13831
2026-02-16 13:34:00,68790.49,68801.88,68583.03,68583.04,60.61344,13585
2026-02-16 13:35:00,68583.04,68724.0,68458.33,68708.61,50.76505,18369
2026-02-16 13:36:00,68708.62,68730.0,68579.29,68581.06,21.26379,11902
2026-02-16 13:37:00,68581.05,68647.84,68500.0,68500.01,19.54038,10050
2026-02-16 13:38:00,68500.0,68515.94,68340.65,68344.34,57.56238,16721
2026-02-16 13:39:00,68344.34,68424.7,68286.25,68341.5,81.30287,17505
2026-02-16 13:40:00,68341.51,68496.08,68272.02,68424.6,37.5177,14538
2026-02-16 13:41:00,68424.61,68470.17,68392.89,68457.76,17.66514,8853
2026-02-16 13:42:00,68457.76,68493.72,68338.93,68344.99,19.07802,9282
2026-02-16 13:43:00,68344.98,68455.99,68344.98,68400.35,13.8194,7054
2026-02-16 13:44:00,68400.35,68506.0,68400.02,68430.65,22.05737,8720
2026-02-16 13:45:00,68430.65,68464.35,68357.96,68446.73,21.88528,11366
2026-02-16 13:46:00,68446.73,68490.9,68368.45,68386.77,19.02827,7455
2026-02-16 13:47:00,68386.77,68449.19,68336.0,68340.83,32.20233,8868
2026-02-16 13:48:00,68340.82,68404.0,68276.0,68403.99,38.45177,8590
2026-02-16 13:49:00,68404.0,68484.89,68321.4,68321.41,19.49877,9479
2026-02-16 13:50:00,68321.4,68402.02,68259.38,68402.01,20.65521,10322
2026-02-16 13:51:00,68402.02,68418.8,68241.01,68241.01,22.71245,9903
2026-02-16 13:52:00,68241.01,68288.4,68225.0,68266.62,20.0333,8141
2026-02-16 13:53:00,68266.62,68329.93,68263.22,68329.92,12.93451,5770
2026-02-16 13:54:00,68329.93,68372.66,68247.81,68278.0,18.98269,9979
2026-02-16 13:55:00,68278.0,68337.6,68245.93,68317.9,20.75745,6211
2026-02-16 13:56:00,68317.91,68345.2,68299.3,68344.67,17.85467,5465
2026-02-16 13:57:00,68344.67,68395.2,68321.4,68360.0,12.94665,5457
2026-02-16 13:58:00,68359.5,68445.05,68358.0,68402.25,10.62441,4474
2026-02-16 13:59:00,68402.24,68435.91,68390.0,68395.1,12.30413,3175
2026-02-16 14:00:00,68395.11,68444.22,68374.11,68409.02,26.31845,7959
2026-02-16 14:01:00,68409.03,68436.02,68368.38,68371.79,9.58938,4851
2026-02-16 14:02:00,68371.79,68394.77,68333.0,68340.0,25.02274,6908
2026-02-16 14:03:00,68339.99,68367.83,68322.0,68329.08,16.96524,4323
2026-02-16 14:04:00,68329.07,68424.7,68268.72,68424.69,27.92457,8428
2026-02-16 14:05:00,68424.7,68563.56,68422.78,68446.0,30.99733,9443
2026-02-16 14:06:00,68446.01,68494.96,68414.12,68465.63,16.68737,7573
2026-02-16 14:07:00,68465.64,68542.34,68448.32,68518.28,20.72203,7843
2026-02-16 14:08:00,68518.28,68526.15,68475.03,68506.72,11.57989,6102
2026-02-16 14:09:00,68506.73,68510.2,68453.46,68464.29,18.4502,7031
2026-02-16 14:10:00,68464.29,68464.29,68260.39,68322.03,31.4558,12750
2026-02-16 14:11:00,68322.03,68395.2,68316.79,68347.95,14.29601,7255
2026-02-16 14:12:00,68347.95,68424.7,68333.53,68409.72,11.31575,3804
2026-02-16 14:13:00,68409.71,68455.39,68409.71,68422.87,12.24535,3257
2026-02-16 14:14:00,68422.87,68429.86,68378.0,68413.82,15.56518,4841
2026-02-16 14:15:00,68413.81,68493.57,68390.5,68478.5,15.86198,5280
2026-02-16 14:16:00,68478.5,68534.85,68462.7,68515.13,8.95762,3739
2026-02-16 14:17:00,68515.13,68528.45,68372.01,68426.0,25.20302,10732
2026-02-16 14:18:00,68425.19,68477.2,68395.1,68455.99,17.76062,8086
2026-02-16 14:19:00,68455.99,68521.21,68436.28,68486.0,27.15224,6670
2026-02-16 14:20:00,68486.01,68562.76,68486.0,68541.52,83.44704,9868
2026-02-16 14:21:00,68541.52,68579.16,68498.1,68539.47,40.33626,9617
2026-02-16 14:22:00,68539.46,68647.33,68536.0,68636.92,76.69822,9883
2026-02-16 14:23:00,68636.92,68636.93,68580.87,68607.41,17.91908,7040
2026-02-16 14:24:00,68607.41,68643.3,68591.0,68643.29,19.71343,6192
2026-02-16 14:25:00,68643.3,68643.3,68553.11,68583.4,24.20167,7786
2026-02-16 14:26:00,68583.4,68583.41,68394.08,68394.08,20.71994,10790
2026-02-16 14:27:00,68394.08,68397.99,68263.2,68374.01,38.438,13296
2026-02-16 14:28:00,68374.01,68374.01,68301.58,68321.41,10.57559,7487
2026-02-16 14:29:00,68321.41,68342.34,68302.72,68316.81,5.84491,4882
2026-02-16 14:30:00,68316.8,68433.74,68287.35,68402.38,23.09654,12608
2026-02-16 14:31:00,68402.38,68469.46,68402.38,68466.21,11.53647,8695
2026-02-16 14:32:00,68466.2,68557.66,68466.2,68527.71,25.82614,9960
2026-02-16 14:33:00,68527.71,68527.71,68451.39,68475.15,13.27669,10947
2026-02-16 14:34:00,68475.15,68500.7,68438.87,68466.37,17.32769,11426
2026-02-16 14:35:00,68466.37,68530.29,68466.37,68530.28,10.89334,7190
2026-02-16 14:36:00,68530.28,68530.28,68417.25,68446.62,12.39827,10325
2026-02-16 14:37:00,68446.63,68630.0,68433.44,68630.0,28.77165,12930
2026-02-16 14:38:00,68630.0,68630.0,68538.38,68564.35,12.09501,7532
2026-02-16 14:39:00,68564.36,68564.36,68507.77,68530.05,9.26134,5794
2026-02-16 14:40:00,68530.06,68556.54,68527.7,68551.94,7.36131,4216
2026-02-16 14:41:00,68551.93,68576.56,68500.0,68500.0,6.61306,6786
2026-02-16 14:42:00,68500.01,68527.82,68450.53,68495.02,19.80973,7865
2026-02-16 14:43:00,68495.01,68508.52,68456.71,68508.52,4.30318,3334
2026-02-16 14:44:00,68508.51,68516.83,68490.8,68504.81,3.12906,2178
2026-02-16 14:45:00,68504.81,68529.0,68432.45,68498.09,8.5075,8512
2026-02-16 14:46:00,68498.09,68498.1,68424.6,68433.67,7.40776,5723
2026-02-16 14:47:00,68433.67,68523.23,68393.3,68513.8,6.63958,6851
2026-02-16 14:48:00,68513.79,68585.84,68513.79,68560.39,4.85771,3594
2026-02-16 14:49:00,68560.4,68604.23,68560.39,68596.55,9.93729,5128
2026-02-16 14:50:00,68596.55,68718.3,68591.0,68619.41,26.32308,10981
2026-02-16 14:51:00,68619.41,68632.09,68527.7,68527.71,16.74475,4957
2026-02-16 14:52:00,68527.71,68532.95,68408.2,68420.41,16.19614,8185
2026-02-16 14:53:00,68420.4,68420.41,68326.29,68367.85,11.48104,6902
2026-02-16 14:54:00,68367.84,68392.48,68300.0,68301.2,10.56786,4916
2026-02-16 14:55:00,68301.19,68352.42,68290.01,68352.42,12.13853,4604
2026-02-16 14:56:00,68352.42,68381.8,68340.15,68381.79,8.32419,3775
2026-02-16 14:57:00,68381.79,68400.1,68369.21,68386.62,6.60631,3618
2026-02-16 14:58:00,68386.62,68470.92,68386.61,68439.44,12.24621,4701
2026-02-16 14:59:00,68439.44,68439.44,68403.16,68427.64,6.95806,2964
2026-02-16 15:00:00,68427.64,68505.54,68387.44,68490.01,14.82504,10087
2026-02-16 15:01:00,68490.01,68542.36,68472.98,68516.0,13.05559,7334
2026-02-16 15:02:00,68516.01,68585.86,68516.0,68522.58,36.7716,8478
2026-02-16 15:03:00,68522.59,68582.25,68502.01,68502.01,22.36751,7408
2026-02-16 15:04:00,68502.01,68537.38,68490.8,68518.64,23.13391,5808
2026-02-16 15:05:00,68518.65,68579.55,68484.96,68516.98,20.04761,8750
2026-02-16 15:06:00,68516.99,68561.11,68516.98,68557.63,27.64839,6054
2026-02-16 15:07:00,68557.64,68580.82,68490.8,68555.93,19.70552,8090
2026-02-16 15:08:00,68555.92,68607.22,68555.92,68568.01,14.5964,5219
2026-02-16 15:09:00,68568.0,68600.51,68497.0,68497.01,53.54246,8932
2026-02-16 15:10:00,68497.01,68563.16,68497.01,68525.18,38.16931,6440
2026-02-16 15:11:00,68525.18,68556.28,68499.01,68527.71,21.90538,5359
2026-02-16 15:12:00,68527.71,68538.9,68473.53,68485.98,10.02859,5521
2026-02-16 15:13:00,68485.99,68491.89,68447.4,68447.4,8.13108,3595
2026-02-16 15:14:00,68447.4,68447.4,68323.52,68338.8,25.73451,6576
2026-02-16 15:15:00,68338.8,68363.64,68300.0,68363.63,20.48338,9097
2026-02-16 15:16:00,68363.64,68394.6,68336.27,68336.27,8.44534,6602
2026-02-16 15:17:00,68336.28,68360.85,68316.8,68336.42,7.74441,5037
2026-02-16 15:18:00,68336.42,68396.39,68303.72,68391.65,13.84038,6303
2026-02-16 15:19:00,68391.65,68397.36,68300.0,68316.81,6.59429,5394
2026-02-16 15:20:00,68316.81,68350.52,68307.12,68350.51,12.82949,5896
2026-02-16 15:21:00,68350.52,68398.29,68350.51,68398.0,11.82442,5595
2026-02-16 15:22:00,68397.99,68398.0,68335.63,68363.22,6.8711,4385
2026-02-16 15:23:00,68363.23,68388.14,68363.22,68370.01,4.64311,2570
2026-02-16 15:24:00,68370.01,68370.01,68316.39,68325.64,6.84052,4140
2026-02-16 15:25:00,68325.65,68326.19,68302.33,68320.48,7.1403,3142
2026-02-16 15:26:00,68320.48,68324.0,68250.8,68266.0,14.69203,8803
2026-02-16 15:27:00,68266.01,68401.46,68243.3,68378.69,15.42308,7881
2026-02-16 15:28:00,68378.69,68385.12,68298.0,68307.69,9.64316,6378
2026-02-16 15:29:00,68307.68,68327.46,68243.06,68243.07,6.1105,5231
2026-02-16 15:30:00,68243.06,68257.28,68108.82,68124.69,57.23461,16603
2026-02-16 15:31:00,68124.69,68124.69,67600.0,67725.94,400.04674,38628
2026-02-16 15:32:00,67725.94,67745.54,67445.6,67445.61,162.09869,33571
2026-02-16 15:33:00,67445.61,67553.05,67418.0,67521.0,71.45544,23901
2026-02-16 15:34:00,67521.0,67554.99,67423.62,67440.91,88.46842,20642
2026-02-16 15:35:00,67440.91,67515.98,67366.17,67475.01,272.16844,28297
2026-02-16 15:36:00,67475.0,67509.5,67300.0,67466.44,75.07368,23238
2026-02-16 15:37:00,67466.44,67490.54,67343.85,67480.0,32.08207,17928
2026-02-16 15:38:00,67480.0,67493.14,67375.67,67393.41,14.08959,14423
2026-02-16 15:39:00,67393.41,67436.99,67378.5,67412.0,24.4727,15574
2026-02-16 15:40:00,67412.0,67502.88,67387.89,67452.48,32.41514,16786
2026-02-16 15:41:00,67452.47,67452.48,67317.96,67317.96,32.73232,16555
2026-02-16 15:42:00,67317.97,67402.8,67294.11,67341.8,32.21555,18954
2026-02-16 15:43:00,67341.81,67481.45,67332.56,67476.88,17.19973,13577
2026-02-16 15:44:00,67476.88,67494.2,67389.13,67449.07,23.0995,10975
2026-02-16 15:45:00,67449.07,67449.07,67360.0,67412.01,21.49602,11843
2026-02-16 15:46:00,67412.0,67512.17,67398.6,67424.43,31.0822,13915
2026-02-16 15:47:00,67424.42,67572.0,67415.02,67559.23,27.36902,12636
2026-02-16 15:48:00,67559.23,67572.0,67450.8,67500.02,59.93734,15154
2026-02-16 15:49:00,67500.03,67544.81,67452.39,67485.45,19.89543,12502
2026-02-16 15:50:00,67485.45,67538.67,67485.44,67538.67,18.72648,7182
2026-02-16 15:51:00,67538.67,67596.22,67521.81,67595.48,21.28737,7723
2026-02-16 15:52:00,67595.47,67709.99,67586.24,67692.15,20.89098,15650
2026-02-16 15:53:00,67692.15,67709.99,67515.8,67599.61,17.21935,9922
2026-02-16 15:54:00,67599.6,67657.35,67599.6,67634.51,18.65136,8449
2026-02-16 15:55:00,67634.51,67687.97,67629.1,67655.68,10.00543,7630
2026-02-16 15:56:00,67655.68,67681.13,67542.38,67567.97,21.72198,9919
2026-02-16 15:57:00,67567.97,67567.97,67506.35,67512.02,9.38633,5019
2026-02-16 15:58:00,67512.02,67552.75,67500.0,67552.75,6.59075,4868
2026-02-16 15:59:00,67552.74,67556.11,67533.3,67539.52,6.16915,3088
2026-02-16 16:00:00,67539.53,67595.78,67520.17,67547.43,19.34506,9128
2026-02-16 16:01:00,67547.43,67600.13,67527.19,67589.07,17.65805,8159
2026-02-16 16:02:00,67589.08,67651.93,67566.0,67616.8,15.93768,6533
2026-02-16 16:03:00,67616.8,67629.07,67519.04,67588.41,24.91585,9837
2026-02-16 16:04:00,67588.41,67677.0,67513.94,67674.3,24.6301,8953
2026-02-16 16:05:00,67674.3,67820.7,67674.29,67809.92,46.19206,19376
2026-02-16 16:06:00,67809.92,67820.7,67752.0,67770.0,34.73721,13770
2026-02-16 16:07:00,67770.01,67820.7,67719.35,67719.36,20.58498,11421
2026-02-16 16:08:00,67719.36,67758.4,67677.0,67684.34,11.84309,8029
2026-02-16 16:09:00,67684.35,67733.02,67684.35,67730.06,18.51116,6803
2026-02-16 16:10:00,67730.06,67765.51,67705.03,67720.09,11.59054,5724
2026-02-16 16:11:00,67720.1,67838.15,67720.0,67720.0,92.43706,8181
2026-02-16 16:12:00,67720.01,67720.68,67677.0,67677.01,18.38863,7038
2026-02-16 16:13:00,67677.0,67721.07,67677.0,67721.07,7.1322,4478
2026-02-16 16:14:00,67721.07,67740.0,67696.69,67739.99,10.48424,5008
2026-02-16 16:15:00,67739.99,67752.45,67696.7,67745.63,10.66529,5258
2026-02-16 16:16:00,67745.62,67778.0,67687.57,67687.85,13.06106,5840
2026-02-16 16:17:00,67687.86,67705.18,67670.2,67672.72,10.82918,4674
2026-02-16 16:18:00,67672.71,67672.71,67588.01,67641.1,14.19683,7115
2026-02-16 16:19:00,67641.1,67681.17,67599.6,67606.48,11.20618,5200
2026-02-16 16:20:00,67606.48,67662.55,67579.0,67633.65,7.01012,4329
2026-02-16 16:21:00,67633.65,67650.46,67605.77,67627.23,8.19614,5626
2026-02-16 16:22:00,67627.22,67696.15,67610.64,67645.47,15.06521,8308
2026-02-16 16:23:00,67645.48,67767.25,67645.47,67751.11,11.69389,6485
2026-02-16 16:24:00,67751.1,67751.1,67673.6,67701.96,10.35176,4788
2026-02-16 16:25:00,67701.96,67701.96,67648.0,67692.0,6.58314,5193
2026-02-16 16:26:00,67692.0,67764.48,67691.99,67744.99,8.63716,6042
2026-02-16 16:27:00,67744.98,67769.83,67720.0,67753.16,6.47458,4371
2026-02-16 16:28:00,67753.15,67805.9,67753.15,67798.38,8.5902,4443
2026-02-16 16:29:00,67798.38,67801.0,67772.71,67777.47,6.96834,3446
2026-02-16 16:30:00,67777.47,67831.51,67759.1,67778.54,18.48231,5278
2026-02-16 16:31:00,67778.55,67783.29,67724.8,67742.01,19.96774,6468
2026-02-16 16:32:00,67742.01,67786.36,67715.01,67715.01,5.49812,4494
2026-02-16 16:33:00,67715.01,67722.0,67670.32,67711.82,15.60498,5789
2026-02-16 16:34:00,67711.81,67717.13,67660.17,67669.99,9.61296,4656
2026-02-16 16:35:00,67669.99,67685.73,67656.63,67682.9,6.94906,4932
2026-02-16 16:36:00,67682.9,67703.13,67665.15,67676.85,7.99431,5389
2026-02-16 16:37:00,67676.85,67694.82,67672.25,67685.62,6.19578,3247
2026-02-16 16:38:00,67685.63,67722.84,67673.67,67698.94,6.10415,4521
2026-02-16 16:39:00,67698.93,67698.93,67658.87,67667.14,7.68425,3111
2026-02-16 16:40:00,67667.14,67682.35,67609.75,67671.72,13.92458,7774
2026-02-16 16:41:00,67671.72,67793.24,67671.72,67793.23,10.35958,6172
2026-02-16 16:42:00,67793.24,67815.36,67756.42,67815.35,25.58964,6159
2026-02-16 16:43:00,67815.36,67815.36,67756.93,67781.75,9.70175,4792
2026-02-16 16:44:00,67781.75,67927.66,67781.74,67927.66,28.45007,3469
2026-02-16 16:45:00,67927.65,67967.61,67853.0,67867.38,39.40445,11623
2026-02-16 16:46:00,67867.37,67909.85,67853.0,67902.23,6.88938,5628
2026-02-16 16:47:00,67902.24,67921.66,67889.57,67900.45,11.05198,5838
2026-02-16 16:48:00,67900.46,67917.57,67861.6,67903.54,15.65352,6654
2026-02-16 16:49:00,67903.53,67974.86,67902.0,67923.6,21.12631,8260
2026-02-16 16:50:00,67923.6,67926.68,67853.0,67853.01,15.76971,8214
2026-02-16 16:51:00,67853.0,67914.49,67841.45,67909.01,13.576,6028
2026-02-16 16:52:00,67909.01,67937.48,67909.0,67916.3,7.26656,4414
2026-02-16 16:53:00,67916.31,67916.31,67846.1,67854.96,7.72656,5902
2026-02-16 16:54:00,67854.96,67870.86,67831.06,67859.81,11.96935,5421
2026-02-16 16:55:00,67859.8,67866.69,67839.71,67839.71,6.17662,2391
2026-02-16 16:56:00,67839.71,67839.72,67800.67,67826.09,5.66234,2599
2026-02-16 16:57:00,67826.08,67869.45,67826.08,67852.0,5.88536,2643
2026-02-16 16:58:00,67852.01,67875.02,67852.0,67874.15,6.18756,1331
2026-02-16 16:59:00,67874.15,67888.7,67859.8,67888.7,5.19922,2513
2026-02-16 17:00:00,67888.7,67900.0,67850.68,67900.0,8.85512,4794
2026-02-16 17:01:00,67900.0,67963.24,67900.0,67945.13,15.03339,6017
2026-02-16 17:02:00,67945.13,67963.24,67910.49,67937.63,8.97152,4623
2026-02-16 17:03:00,67937.63,67937.63,67900.17,67918.49,5.90867,2436
2026-02-16 17:04:00,67918.49,67935.82,67879.72,67879.73,9.04144,4429
2026-02-16 17:05:00,67879.73,67958.04,67879.73,67958.04,7.63895,3796
2026-02-16 17:06:00,67958.03,67989.8,67916.3,67916.31,11.22471,3075
2026-02-16 17:07:00,67916.31,67935.8,67842.16,67842.17,13.16494,5595
2026-02-16 17:08:00,67842.17,67842.17,67795.13,67817.39,11.66352,4876
2026-02-16 17:09:00,67817.4,67844.03,67775.88,67775.88,13.95191,4978
2026-02-16 17:10:00,67775.89,67780.13,67724.8,67755.84,13.73422,4621
2026-02-16 17:11:00,67755.84,67755.85,67709.82,67709.83,17.71736,5091
2026-02-16 17:12:00,67709.83,67781.49,67709.82,67780.53,9.6562,3898
2026-02-16 17:13:00,67780.53,67802.0,67780.53,67781.67,4.62677,2141
2026-02-16 17:14:00,67781.68,67781.68,67717.35,67749.28,3.87518,3093
2026-02-16 17:15:00,67749.28,67773.57,67629.53,67660.39,26.9985,8603
2026-02-16 17:16:00,67660.4,67660.4,67600.93,67639.43,15.46903,4458
2026-02-16 17:17:00,67639.43,67639.43,67605.33,67621.51,13.17217,4022
2026-02-16 17:18:00,67621.51,67660.4,67621.5,67657.63,7.57888,2715
2026-02-16 17:19:00,67657.64,67689.62,67657.63,67689.62,12.77038,2869
2026-02-16 17:20:00,67689.62,67718.47,67687.52,67709.14,4.84531,3336
2026-02-16 17:21:00,67709.14,67712.7,67706.74,67710.33,4.04812,954
2026-02-16 17:22:00,67710.32,67841.2,67710.32,67841.2,11.04296,6411
2026-02-16 17:23:00,67841.19,67841.19,67805.8,67833.28,6.73893,3284
2026-02-16 17:24:00,67833.28,67853.93,67829.22,67833.29,4.68265,2710
2026-02-16 17:25:00,67833.28,67867.83,67829.22,67842.0,7.66636,3924
2026-02-16 17:26:00,67842.0,67874.71,67836.05,67869.72,4.40211,1441
